backbone,runs,accuracy_mean,accuracy_std,macro_precision_mean,macro_precision_std,macro_recall_mean,macro_recall_std,macro_f1_mean,macro_f1_std
EfficientNetB0,6,0.96875,0.0075037990378207,0.96875,0.0071751655033175,0.96875,0.0071751655033175,0.96875,0.0071751655033175
MobileNetV3Small,12,0.5568213746821773,0.0704098668802468,0.5013144015879613,0.1452226421050151,0.5520473152435427,0.0716493514106537,0.4872856116369142,0.099502015441521
ResNet50,6,0.4157333817763446,0.0574701741556611,0.2586642232883757,0.0697200336331551,0.4125920375808578,0.0557108049071889,0.3085394676162114,0.0713543182642533
MobileNetV2,3,0.3237113402061856,0.0,0.1079037800687285,0.0,0.3333333333333333,0.0,0.1630321910695742,0.0
