capture_source,accuracy_mean,accuracy_std,macro_precision_mean,macro_precision_std,macro_recall_mean,macro_recall_std,macro_f1_mean,macro_f1_std,top_2_accuracy_mean,top_2_accuracy_std,adjacent_accuracy_mean,adjacent_accuracy_std,severe_error_rate_mean,severe_error_rate_std,mean_absolute_ordinal_error_mean,mean_absolute_ordinal_error_std,borderline_rate_mean,borderline_rate_std,low_confidence_rate_mean,low_confidence_rate_std,adjacent_pair_combined_confidence_mean_mean,adjacent_pair_combined_confidence_mean_std,non_adjacent_top2_rate_mean,non_adjacent_top2_rate_std
partner_home,0.5369023569023569,0.20133596087362038,0.4417642428200772,0.3065917613243083,0.542716049382716,0.2095215088925587,0.464163220103377,0.2704244472309754,0.8013299663299663,0.14224837581999367,0.9041750841750841,0.10788993577250756,0.0958249158249158,0.10788993577250759,0.5589225589225589,0.23171979300032938,0.5983164983164984,0.19423417234818627,0.1475252525252525,0.13374978008615415,0.9554587212462103,0.03209706071209926,0.05277777777777777,0.0625506222906214
researcher_home,0.6578106678106678,0.06706508698037325,0.7047033032121961,0.0681228131903742,0.6459008160703076,0.07604106113567127,0.6318481020860891,0.0797397316687734,0.9255376805376804,0.019011486268187393,0.9191791791791791,0.06955126880798428,0.08082082082082079,0.06955126880798428,0.42301015301015293,0.10579804993867092,0.7804468754468754,0.09855167186695246,0.2751265551265551,0.06959438894481328,0.9299613193835268,0.01870094200850478,0.1758615758615758,0.1309589609544583
unknown,0.5413614665854154,0.05665020966341958,0.4613865092924246,0.04196592187074708,0.5328420256991685,0.0660784739360617,0.45736924519593436,0.028900008101586216,0.8081743855372739,0.08037460182405348,0.9222267926061344,0.013506829754091855,0.0777732073938655,0.01350682975409189,0.5364117408084501,0.06283929059930513,0.49332165346333534,0.14868718674819392,0.172647775746496,0.08676631008308795,0.9321745085275227,0.017133474996718728,0.21566169002640664,0.08664323005382943
