row_index,image_path_resolved,label,sample_id,pork_cut,split_type,fold,source,mean_R,std_R,mean_G,std_G,mean_B,std_B,mean_L,mean_a,mean_b,std_L,std_a,std_b,mean_H,std_H,mean_S,std_S,mean_V,std_V
4366,E:\Thesis Code\Pork Belly - Sample 4\Spoiled - 12 hours to 36 hours\20260430_080524.jpg,spoiled,pork_belly_sample_4,belly,cross_rotation,fold3,meatlens,85.07280731201172,78.79398345947266,78.03043365478516,76.31724548339844,74.33418273925781,74.0306167602539,83.77871704101562,48.313316345214844,3.2175941467285156,79.852294921875,96.50592041015625,5.701492786407471,18.914939880371094,28.506805419921875,21.944355010986328,31.01464080810547,85.42940521240234,79.2573471069336
3197,E:\Thesis Code\Pork Belly - Sample 3\Fresh - 0 to 8 hours\20260429_050500.jpg,fresh,pork_belly_sample_3,belly,cross_rotation,fold2,meatlens,87.82350158691406,87.33399200439453,68.44969940185547,74.71892547607422,66.38948822021484,71.77456665039062,77.65501403808594,25.269729614257812,10.312101364135742,80.49451446533203,62.944969177246094,36.69834899902344,37.456993103027344,80.47061920166016,36.70471954345703,48.22386932373047,88.03509521484375,87.52919006347656
4367,E:\Thesis Code\Pork Shoulder - sample 1\Spoiled - 16 to 48 hours\20260426_034346.jpg,spoiled,pork_shoulder_sample_1,shoulder,cross_rotation,fold3,meatlens,115.81979370117188,84.99954986572266,100.54033660888672,85.77253723144531,98.54488372802734,83.83402252197266,108.66242980957031,24.510562896728516,11.769710540771484,86.84516143798828,63.85078811645508,43.46809768676758,62.27999496459961,93.39513397216797,42.467037200927734,53.5191650390625,116.2722396850586,85.3822021484375
